Workbook

Sheet FP-BME-00-031_2
A1: Recall Monitoring and Response Performance Indicator (US FDA) 2026
A2: Item | B2: KPI | C2: ดัชนีชี้วัด | D2: Month
D3: Jan | E3: Feb | F3: Mar | G3: Apr | H3: May | I3: Jun | J3: Jul | K3: Aug | L3: Sep | M3: Oct | N3: Nov | O3: Dec
A4: 1 | B4: มีการเฝ้าระวัง Hazard Recall Alerts และได้รับการแก้ไข | C4: 1
A5: 2 | B5: ข้อมูล Recall Impant | D5: - | E5: - | F5: - | G5: - | H5: - | I5: - | J5: - | K5: -
A6: 3 | B6: ข้อมูล recall equipment
B7: 3.1 Level 5 | D7: - | E7: - | F7: - | G7: - | H7: - | I7: - | J7: - | K7: - | L7: - | M7: - | N7: - | O7: -
B8: 3.2 Level 4 | D8: - | E8: - | F8: - | G8: - | H8: - | I8: - | J8: - | K8: - | L8: - | M8: - | N8: - | O8: -
B9: 3.3 Level 3 | D9: ='Recall JAN 26'!E15 -> 0 | E9: ='Recall FEB 25'!E15 -> 6 | F9: ='Recall MAR 25'!E15 -> 22 | G9: ='Recall Apr 25'!E15 -> 2 | H9: ='Recall MAY 25'!E15 -> 1 | I9: ='Recall JUN 25'!E15 -> 0 | J9: ='Recall JUL 25'!E15 -> 5 | K9: ='Recall AUG 25'!E15 -> 73 | L9: ='Recall SEP 25'!E15 -> 1 | M9: ='Recall OCT 25'!E15 -> 1 | N9: ='Recall NOV 25'!E15 -> 2 | O9: ='Recall DEC 25'!E15 -> 9
B10: 3.4 Level 2 | D10: ='Recall JAN 26'!D15 -> 197 | E10: ='Recall FEB 25'!D15 -> 208 | F10: ='Recall MAR 25'!D15 -> 179 | G10: ='Recall Apr 25'!D15 -> 253 | H10: ='Recall MAY 25'!D15 -> 153 | I10: ='Recall JUN 25'!D15 -> 281 | J10: ='Recall JUL 25'!D15 -> 147 | K10: ='Recall AUG 25'!D15 -> 135 | L10: ='Recall SEP 25'!D15 -> 144 | M10: ='Recall OCT 25'!D15 -> 331 | N10: ='Recall NOV 25'!D15 -> 285 | O10: ='Recall DEC 25'!D15 -> 228
B11: 3.5 Level 1 | D11: ='Recall JAN 26'!C15 -> 17 | E11: ='Recall FEB 25'!C15 -> 19 | F11: ='Recall MAR 25'!C15 -> 18 | G11: ='Recall Apr 25'!C15 -> 36 | H11: ='Recall MAY 25'!C15 -> 23 | I11: ='Recall JUN 25'!C15 -> 55 | J11: ='Recall JUL 25'!C15 -> 17 | K11: ='Recall AUG 25'!C15 -> 38 | L11: ='Recall SEP 25'!C15 -> 44 | M11: ='Recall OCT 25'!C15 -> 73 | N11: ='Recall NOV 25'!C15 -> 20 | O11: ='Recall DEC 25'!C15 -> 12
B12: Total | D12: =SUM(D9:D11) -> 214 | E12: =SUM(E9:E11) -> 233 | F12: =SUM(F9:F11) -> 219 | G12: =SUM(G9:G11) -> 291 | H12: =SUM(H9:H11) -> 177 | I12: =SUM(I9:I11) -> 336 | J12: =SUM(J9:J11) -> 169 | K12: =SUM(K9:K11) -> 246 | ... O12: =SUM(O9:O11) -> 249

Sheet Recall JAN 26
B2: Date | C2: Level 1 | D2: Level 2 | E2: Level 3 | F2: Total
B3: 01-10/01/2026 | C3: 3 | D3: 29 | F3: =SUM(C3:E3) -> 32
B4: 11-20/01/2026 | C4: 10 | D4: 84 | F4: =SUM(C4:E4) -> 94
B5: 21-31/01/2026 | C5: 4 | D5: 84 | F5: =SUM(C5:E5) -> 88
F6: =SUM(C6:E6) -> 0
B15: Total | C15: =SUM(C3:C14) -> 17 | D15: =SUM(D3:D14) -> 197 | E15: =SUM(E3:E14) -> 0 | F15: =SUM(F3:F14) -> 214
B19: RECALL By LPH
B20: Date | C20: Level 1 | D20: Level 2 | E20: Level 3 | F20: Total
B27: Total | C27: =_xlfn.AGGREGATE(9,0,C21:C26) -> 0 | D27: =_xlfn.AGGREGATE(9,0,D21:D26) -> 0 | E27: =_xlfn.AGGREGATE(9,0,E21:E26) -> 0

Sheet Recall FEB 25
B2: Date | C2: Level 1 | D2: Level 2 | E2: Level 3 | F2: Total
B3: 01-10/02/2025 | C3: 13 | D3: 109 | E3: 1 | F3: =SUM(C3:E3) -> 123
B4: 11-20/02/2025 | C4: 3 | D4: 80 | E4: 5 | F4: =SUM(C4:E4) -> 88
B5: 21-28/02/2025 | C5: 3 | D5: 19 | F5: =SUM(C5:E5) -> 22
F6: =SUM(C6:E6) -> 0
B15: Total | C15: =SUM(C3:C14) -> 19 | D15: =SUM(D3:D14) -> 208 | E15: =SUM(E3:E14) -> 6 | F15: =SUM(F3:F14) -> 233
B19: RECALL By LPH
B20: Date | C20: Level 1 | D20: Level 2 | E20: Level 3 | F20: Total
B27: Total | C27: =_xlfn.AGGREGATE(9,0,C21:C26) -> 0 | D27: =_xlfn.AGGREGATE(9,0,D21:D26) -> 0 | E27: =_xlfn.AGGREGATE(9,0,E21:E26) -> 0

Sheet Recall MAR 25
B2: Date | C2: Level 1 | D2: Level 2 | E2: Level 3 | F2: Total
B3: 01-10/03/2025 | D3: 57 | E3: 10 | F3: =SUM(C3:E3) -> 67
B4: 11-20/03/2025 | C4: 8 | D4: 52 | E4: 1 | F4: =SUM(C4:E4) -> 61
B5: 21-31/03/2025 | C5: 10 | D5: 70 | E5: 11 | F5: =SUM(C5:E5) -> 91
F6: =SUM(C6:E6) -> 0
B15: Total | C15: =SUM(C3:C14) -> 18 | D15: =SUM(D3:D14) -> 179 | E15: =SUM(E3:E14) -> 22 | F15: =SUM(F3:F14) -> 219
B19: RECALL By LPH
B20: Date | C20: Level 1 | D20: Level 2 | E20: Level 3 | F20: Total
B27: Total | C27: =_xlfn.AGGREGATE(9,0,C21:C26) -> 0 | D27: =_xlfn.AGGREGATE(9,0,D21:D26) -> 0 | E27: =_xlfn.AGGREGATE(9,0,E21:E26) -> 0

Sheet Recall Apr 25
B2: Date | C2: Level 1 | D2: Level 2 | E2: Level 3 | F2: Total
B3: 01-10/04/2025 | C3: 25 | D3: 77 | F3: =SUM(C3:E3) -> 102
B4: 11-20/04/2025 | C4: 6 | D4: 82 | F4: =SUM(C4:E4) -> 88
B5: 21-30/04/2025 | C5: 5 | D5: 94 | E5: 2 | F5: =SUM(C5:E5) -> 101
B15: Total | C15: =SUM(C3:C14) -> 36 | D15: =SUM(D3:D14) -> 253 | E15: =SUM(E3:E14) -> 2 | F15: =SUM(F3:F14) -> 291
B19: RECALL By LPH
B20: Date | C20: Level 1 | D20: Level 2 | E20: Level 3 | F20: Total
B27: Total | C27: =_xlfn.AGGREGATE(9,0,C21:C26) -> 0 | D27: =_xlfn.AGGREGATE(9,0,D21:D26) -> 0 | E27: =_xlfn.AGGREGATE(9,0,E21:E26) -> 0

Sheet Recall MAY 25
B2: Date | C2: Level 1 | D2: Level 2 | E2: Level 3 | F2: Total
B3: 01-10/05/2025 | C3: 14 | D3: 35 | F3: =SUM(C3:E3) -> 49
B4: 11-20/05/2025 | C4: 9 | D4: 53 | F4: =SUM(C4:E4) -> 62
B5: 21-31/05/2025 | D5: 65 | E5: 1 | F5: =SUM(C5:E5) -> 66
B15: Total | C15: =SUM(C3:C14) -> 23 | D15: =SUM(D3:D14) -> 153 | E15: =SUM(E3:E14) -> 1 | F15: =SUM(F3:F14) -> 177
B19: RECALL By LPH
B20: Date | C20: Level 1 | D20: Level 2 | E20: Level 3 | F20: Total
B27: Total | C27: =_xlfn.AGGREGATE(9,0,C21:C26) -> 0 | D27: =_xlfn.AGGREGATE(9,0,D21:D26) -> 0 | E27: =_xlfn.AGGREGATE(9,0,E21:E26) -> 0
L32: 2

Sheet Recall JUN 25
B2: Date | C2: Level 1 | D2: Level 2 | E2: Level 3 | F2: Total
B3: 01-10/06/2026 | C3: 7 | D3: 85 | F3: =SUM(C3:E3) -> 92
B4: 11-20/06/2026 | C4: 40 | D4: 112 | F4: =SUM(C4:E4) -> 152
B5: 21-30/06/2026 | C5: 8 | D5: 84 | F5: =SUM(C5:E5) -> 92
B15: Total | C15: =SUM(C3:C14) -> 55 | D15: =SUM(D3:D14) -> 281 | E15: =SUM(E3:E14) -> 0 | F15: =SUM(F3:F14) -> 336
B19: RECALL By LPH
B20: Date | C20: Level 1 | D20: Level 2 | E20: Level 3 | F20: Total
B27: Total | C27: =_xlfn.AGGREGATE(9,0,C21:C26) -> 0 | D27: =_xlfn.AGGREGATE(9,0,D21:D26) -> 0 | E27: =_xlfn.AGGREGATE(9,0,E21:E26) -> 0
L32: 2

Sheet Recall JUL 25
B2: Date | C2: Level 1 | D2: Level 2 | E2: Level 3 | F2: Total
B3: 01-10/07/2025 | C3: 12 | D3: 49 | E3: 5 | F3: =SUM(C3:E3) -> 66
B4: 11-20/07/2025 | C4: 3 | D4: 27 | F4: =SUM(C4:E4) -> 30
B5: 21-31/07/2025 | C5: 2 | D5: 71 | F5: =SUM(C5:E5) -> 73
B15: Total | C15: =SUM(C3:C14) -> 17 | D15: =SUM(D3:D14) -> 147 | E15: =SUM(E3:E14) -> 5 | F15: =SUM(F3:F14) -> 169
B19: RECALL By LPH
B20: Date | C20: Level 1 | D20: Level 2 | E20: Level 3 | F20: Total
B27: Total | C27: =_xlfn.AGGREGATE(9,0,C21:C26) -> 0 | D27: =_xlfn.AGGREGATE(9,0,D21:D26) -> 0 | E27: =_xlfn.AGGREGATE(9,0,E21:E26) -> 0
L32: 2

Sheet Recall AUG 25
B2: Date | C2: Level 1 | D2: Level 2 | E2: Level 3 | F2: Total
B3: 01-10/08/2025 | C3: 14 | D3: 48 | E3: 1 | F3: =SUM(C3:E3) -> 63
B4: 11-20/08/2025 | C4: 8 | D4: 43 | E4: 2 | F4: =SUM(C4:E4) -> 53
B5: 21-31/08/2025 | C5: 16 | D5: 44 | E5: 70 | F5: =SUM(C5:E5) -> 130
B15: Total | C15: =SUM(C3:C14) -> 38 | D15: =SUM(D3:D14) -> 135 | E15: =SUM(E3:E14) -> 73 | F15: =SUM(F3:F14) -> 246
B19: RECALL By LPH
B20: Date | C20: Level 1 | D20: Level 2 | E20: Level 3 | F20: Total
B27: Total | C27: =_xlfn.AGGREGATE(9,0,C21:C26) -> 0 | D27: =_xlfn.AGGREGATE(9,0,D21:D26) -> 0 | E27: =_xlfn.AGGREGATE(9,0,E21:E26) -> 0
L32: 2

Sheet Recall SEP 25
B2: Date | C2: Level 1 | D2: Level 2 | E2: Level 3 | F2: Total
B3: 01-10/09/2025 | C3: 15 | D3: 61 | E3: 1 | F3: =SUM(C3:E3) -> 77
B4: 11-20/09/2025 | C4: 7 | D4: 56 | F4: =SUM(C4:E4) -> 63
B5: 21-30/09/2025 | C5: 22 | D5: 27 | F5: =SUM(C5:E5) -> 49
B15: Total | C15: =SUM(C3:C14) -> 44 | D15: =SUM(D3:D14) -> 144 | E15: =SUM(E3:E14) -> 1 | F15: =SUM(F3:F14) -> 189
B19: RECALL By LPH
B20: Date | C20: Level 1 | D20: Level 2 | E20: Level 3 | F20: Total
B27: Total | C27: =_xlfn.AGGREGATE(9,0,C21:C26) -> 0 | D27: =_xlfn.AGGREGATE(9,0,D21:D26) -> 0 | E27: =_xlfn.AGGREGATE(9,0,E21:E26) -> 0
L32: 2

Sheet Recall OCT 25
B2: Date | C2: Level 1 | D2: Level 2 | E2: Level 3 | F2: Total
B3: 01-10/10/2025 | C3: 40 | D3: 74 | F3: =SUM(C3:E3) -> 114
B4: 11-20/10/2025 | C4: 25 | D4: 61 | F4: =SUM(C4:E4) -> 86
B5: 21-31/10/2025 | C5: 8 | D5: 196 | E5: 1 | F5: =SUM(C5:E5) -> 205
B15: Total | C15: =SUM(C3:C14) -> 73 | D15: =SUM(D3:D14) -> 331 | E15: =SUM(E3:E14) -> 1 | F15: =SUM(F3:F14) -> 405
B19: RECALL By LPH
B20: Date | C20: Level 1 | D20: Level 2 | E20: Level 3 | F20: Total
B27: Total | C27: =_xlfn.AGGREGATE(9,0,C21:C26) -> 0 | D27: =_xlfn.AGGREGATE(9,0,D21:D26) -> 0 | E27: =_xlfn.AGGREGATE(9,0,E21:E26) -> 0
L32: 2

Sheet Recall NOV 25
B2: Date | C2: Level 1 | D2: Level 2 | E2: Level 3 | F2: Total
B3: 01-10/11/2025 | C3: 3 | D3: 60 | F3: =SUM(C3:E3) -> 63
B4: 11-20/11/2025 | C4: 14 | D4: 81 | E4: 2 | F4: =SUM(C4:E4) -> 97
B5: 21-30/11/2025 | C5: 3 | D5: 144 | F5: =SUM(C5:E5) -> 147
B15: Total | C15: =SUM(C3:C14) -> 20 | D15: =SUM(D3:D14) -> 285 | E15: =SUM(E3:E14) -> 2 | F15: =SUM(F3:F14) -> 307
B19: RECALL By LPH
B20: Date | C20: Level 1 | D20: Level 2 | E20: Level 3 | F20: Total
B27: Total | C27: =_xlfn.AGGREGATE(9,0,C21:C26) -> 0 | D27: =_xlfn.AGGREGATE(9,0,D21:D26) -> 0 | E27: =_xlfn.AGGREGATE(9,0,E21:E26) -> 0
L32: 2

Sheet Recall DEC 25
B2: Date | C2: Level 1 | D2: Level 2 | E2: Level 3 | F2: Total
B3: 01-10/12/2025 | C3: 5 | D3: 135 | F3: =SUM(C3:E3) -> 140
B4: 11-20/12/2025 | C4: 4 | D4: 60 | E4: 9 | F4: =SUM(C4:E4) -> 73
B5: 21-31/12/2025 | C5: 3 | D5: 33 | F5: =SUM(C5:E5) -> 36
B15: Total | C15: =SUM(C3:C14) -> 12 | D15: =SUM(D3:D14) -> 228 | E15: =SUM(E3:E14) -> 9 | F15: =SUM(F3:F14) -> 249
B19: RECALL By LPH
B20: Date | C20: Level 1 | D20: Level 2 | E20: Level 3 | F20: Total
B27: Total | C27: =_xlfn.AGGREGATE(9,0,C21:C26) -> 0 | D27: =_xlfn.AGGREGATE(9,0,D21:D26) -> 0 | E27: =_xlfn.AGGREGATE(9,0,E21:E26) -> 0
L32: 2
